,Heading to next,Distance to next,WGS84latitude,WGS84longitude
30.485086,-90.927388
30.48515652489548,-90.9273880498536
30.485239120131894,-90.92738810823975
30.485293890341666,-90.92738814695659
