,Heading,Distance,WGS84latitude,WGS84longitude
POB,,,30.485086,-90.927388
"[30.485278465599087, -90.9273881360529]","[30.48534899049049, -90.9273881859067]","[30.485361060832474, -90.9273881944392]","[30.485556880815686, -90.92738833286407]"
