Name,Heading,Distance,WGS84latitude,WGS84longitude
POB,N001417W,70,30.485086,-90.927388
Point 2,N001417W,25.65,30.485278465599087,-90.9273881360529
Point 3,N001417W,30.04,30.48534899049049,-90.9273881859067
Point 4,N001417W,75.61,30.485431585722107,-90.92738824429307
