Name,Heading,Distance,WGS84latitude,WGS84longitude
POB,N001417W,70,30.485086,-90.927388
P2,N001417W,25.65,,
P3,N001417W,30.04,,
P4,N001417W,75.61,,
P5,S783024E,38.99,,
P6,S842837E,20.76,,
P7,N853339E,62.39,,
P8,S042200W,69.06,,
P9,S050118E,30.12,,
P10,S050118E,25.71,,
P11,S050118E,70.18,,
P12,,,,
